{"name":"Download EML","id":"kob-testsuite-for-epa-3.0;download-eml","scenarioId":"epa_3_0/kob_epa3_0:Download EML","methodName":"Download EML","testSteps":[{"number":1,"description":"Gegeben sei TGR lösche aufgezeichnete Nachrichten","duration":76,"startTime":"2024-11-12T12:13:06.092245820Z[GMT]","result":"SUCCESS","precondition":false,"level":0},{"number":2,"description":"Und TGR lösche die benutzerdefinierte Fehlermeldung","duration":2,"startTime":"2024-11-12T12:13:06.168849773Z[GMT]","result":"SUCCESS","precondition":false,"level":0},{"number":3,"description":"Und KOB setze alle EPA sessions des Primärsystems zurück","duration":4006,"startTime":"2024-11-12T12:13:06.171727587Z[GMT]","result":"SUCCESS","precondition":false,"level":0},{"number":4,"description":"Und KOB stecke EGK mit der KVNR \"${kob.kvnr}\"","duration":2066,"startTime":"2024-11-12T12:13:10.178069930Z[GMT]","result":"SUCCESS","precondition":false,"level":0},{"number":5,"description":"Wenn KOB downloade die EML für die KVNR \"${kob.kvnr}\" im Format \"${kob.emlType}\"","duration":26015,"startTime":"2024-11-12T12:13:12.245108284Z[GMT]","result":"SUCCESS","precondition":false,"level":0},{"number":6,"description":"Und KOB speichere einen Screenshot der letzten Aktion in der Datei \"target/screenshots/eml_${kob.emlType}.png\"","duration":1,"startTime":"2024-11-12T12:13:38.260649287Z[GMT]","result":"SUCCESS","precondition":false,"level":0},{"number":7,"description":"Dann TGR die Fehlermeldung wird gesetzt auf: \"Eine EML-Download Nachricht konnte nicht gefunden werden!\"","duration":1,"startTime":"2024-11-12T12:13:38.262308858Z[GMT]","result":"SUCCESS","precondition":false,"level":0},{"number":8,"description":"Und TGR finde die letzte Anfrage mit Pfad \".*\" und Knoten \"$.body.decrypted.path.basicPath\" der mit \"/epa/medication/render/v1/eml/.*\" übereinstimmt","duration":512,"startTime":"2024-11-12T12:13:38.263769526Z[GMT]","result":"SUCCESS","precondition":false,"level":0},{"number":9,"description":"Und TGR die Fehlermeldung wird gesetzt auf: \"Der äußere Request des EML Downloads ist nicht korrekt\"","duration":1,"startTime":"2024-11-12T12:13:38.776339579Z[GMT]","result":"SUCCESS","precondition":false,"level":0},{"number":10,"description":"Und TGR prüfe aktueller Request stimmt im Knoten \"$.method\" überein mit \"POST\"","duration":58,"startTime":"2024-11-12T12:13:38.778183531Z[GMT]","result":"SUCCESS","precondition":false,"level":0},{"number":11,"description":"Und TGR prüfe aktueller Request stimmt im Knoten \"$.header.[~\u0027accept\u0027]\" überein mit \".*application/octet-stream.*\"","duration":2,"startTime":"2024-11-12T12:13:38.836854463Z[GMT]","result":"SUCCESS","precondition":false,"level":0},{"number":12,"description":"Und TGR prüfe aktueller Request stimmt im Knoten \"$.header.[~\u0027content-type\u0027]\" überein mit \"application/octet-stream\"","duration":1,"startTime":"2024-11-12T12:13:38.839182705Z[GMT]","result":"SUCCESS","precondition":false,"level":0},{"number":13,"description":"Und TGR prüfe aktueller Request stimmt im Knoten \"$.header.[~\u0027VAU-nonPU-Tracing\u0027]\" überein mit \"[A-Za-z0-9+\\/]{41,44}\u003d? [A-Za-z0-9+\\/]{41,44}\u003d?\"","duration":1,"startTime":"2024-11-12T12:13:38.840578676Z[GMT]","result":"SUCCESS","precondition":false,"level":0},{"number":14,"description":"Und TGR die Fehlermeldung wird gesetzt auf: \"Der innere Request des EML Downloads ist nicht korrekt\"","duration":0,"startTime":"2024-11-12T12:13:38.842144026Z[GMT]","result":"SUCCESS","precondition":false,"level":0},{"number":15,"description":"Und TGR prüfe aktueller Request stimmt im Knoten \"$.body.decrypted.method\" überein mit \"GET\"","duration":0,"startTime":"2024-11-12T12:13:38.843220647Z[GMT]","result":"SUCCESS","precondition":false,"level":0},{"number":16,"description":"Und TGR prüfe aktueller Request stimmt im Knoten \"$.body.decrypted.header.[~\u0027accept\u0027]\" überein mit \".*/.*\"","duration":1,"startTime":"2024-11-12T12:13:38.844317886Z[GMT]","result":"SUCCESS","precondition":false,"level":0},{"number":17,"description":"Und TGR die Fehlermeldung wird gesetzt auf: \"Die äußere Response des EML Downloads ist nicht korrekt\"","duration":0,"startTime":"2024-11-12T12:13:38.845464303Z[GMT]","result":"SUCCESS","precondition":false,"level":0},{"number":18,"description":"Und TGR prüfe aktuelle Antwort stimmt im Knoten \"$.header.[~\u0027content-type\u0027]\" überein mit \"application/octet-stream\"","duration":0,"startTime":"2024-11-12T12:13:38.846420588Z[GMT]","result":"SUCCESS","precondition":false,"level":0},{"number":19,"description":"Und TGR prüfe aktuelle Antwort stimmt im Knoten \"$.responseCode\" überein mit \"200\"","duration":0,"startTime":"2024-11-12T12:13:38.847433736Z[GMT]","result":"SUCCESS","precondition":false,"level":0},{"number":20,"description":"Und TGR die Fehlermeldung wird gesetzt auf: \"Die innere Response des EML Downloads ist nicht korrekt\"","duration":0,"startTime":"2024-11-12T12:13:38.848311767Z[GMT]","result":"SUCCESS","precondition":false,"level":0},{"number":21,"description":"Und TGR prüfe aktuelle Antwort stimmt im Knoten \"$.body.decrypted.header.[~\u0027content-type\u0027]\" überein mit \"application/.*\"","duration":0,"startTime":"2024-11-12T12:13:38.849164330Z[GMT]","result":"SUCCESS","precondition":false,"level":0},{"number":22,"description":"Und TGR prüfe aktuelle Antwort stimmt im Knoten \"$.body.decrypted.responseCode\" überein mit \"200\"","duration":0,"startTime":"2024-11-12T12:13:38.850197Z[GMT]","result":"SUCCESS","precondition":false,"level":0},{"number":23,"description":"Und TGR prüfe aktuelle Antwort stimmt im Knoten \"$.body.decrypted.body\" überein mit \".*\"","duration":1,"startTime":"2024-11-12T12:13:38.851149966Z[GMT]","result":"SUCCESS","reportData":[{"title":"RBellog 0","path":"downloadable/downloadable-58f45df7-b23d-42c1-8192-607459e16114-rbel_Download_EML_2024-11-12_12-13-38.html","isEvidence":true,"id":"report-data-008ab215-1699-4ed7-ba68-098fc0fb2645"}],"precondition":false,"level":0}],"userStory":{"id":"epa_3_0/kob_epa3_0","storyName":"KOB Testsuite for EPA 3.0","displayName":"KOB Testsuite for EPA 3.0","path":"epa_3_0/kob_epa3_0","pathElements":[{"name":"epa_3_0","description":""},{"name":"kob_epa3_0","description":""}],"type":"feature"},"title":"Download EML","description":"","tags":[{"name":"EPA_3_0","type":"tag","displayName":"EPA_3_0"},{"name":"MANDATORY","type":"tag","displayName":"MANDATORY"},{"name":"KOB","type":"tag","displayName":"KOB"}],"startTime":"2024-11-12T12:13:05.870038253Z[GMT]","endTime":"2024-11-12T12:13:38.893174690Z[GMT]","duration":298,"projectKey":"","isManualTestingUpToDate":false,"manual":false,"testSource":"Cucumber","order":0,"result":"SUCCESS"}