{"name":"Download EML","id":"kob-testsuite-for-epa-3.0;download-eml","scenarioId":"epa_3_0/kob_epa3_0:Download EML","methodName":"Download EML","testSteps":[{"number":1,"description":"Gegeben sei TGR lösche aufgezeichnete Nachrichten","duration":44,"startTime":"2024-11-12T12:07:38.354957260Z[GMT]","result":"SUCCESS","precondition":false,"level":0},{"number":2,"description":"Und TGR lösche die benutzerdefinierte Fehlermeldung","duration":1,"startTime":"2024-11-12T12:07:38.399509647Z[GMT]","result":"SUCCESS","precondition":false,"level":0},{"number":3,"description":"Und KOB setze alle EPA sessions des Primärsystems zurück","duration":32013,"startTime":"2024-11-12T12:07:38.401252071Z[GMT]","result":"SUCCESS","precondition":false,"level":0},{"number":4,"description":"Und KOB stecke EGK mit der KVNR \"${kob.kvnr}\"","duration":2050,"startTime":"2024-11-12T12:08:10.415580276Z[GMT]","result":"SUCCESS","precondition":false,"level":0},{"number":5,"description":"Wenn KOB downloade die EML für die KVNR \"${kob.kvnr}\" im Format \"${kob.emlType}\"","duration":36023,"startTime":"2024-11-12T12:08:12.466544609Z[GMT]","result":"SUCCESS","precondition":false,"level":0},{"number":6,"description":"Und KOB speichere einen Screenshot der letzten Aktion in der Datei \"target/screenshots/eml_${kob.emlType}.png\"","duration":1,"startTime":"2024-11-12T12:08:48.490438964Z[GMT]","result":"SUCCESS","precondition":false,"level":0},{"number":7,"description":"Dann TGR die Fehlermeldung wird gesetzt auf: \"Eine EML-Download Nachricht konnte nicht gefunden werden!\"","duration":0,"startTime":"2024-11-12T12:08:48.492058288Z[GMT]","result":"SUCCESS","precondition":false,"level":0},{"number":8,"description":"Und TGR finde die letzte Anfrage mit Pfad \".*\" und Knoten \"$.body.decrypted.path.basicPath\" der mit \"/epa/medication/render/v1/eml/.*\" übereinstimmt","duration":512,"startTime":"2024-11-12T12:08:48.492834633Z[GMT]","result":"SUCCESS","precondition":false,"level":0},{"number":9,"description":"Und TGR die Fehlermeldung wird gesetzt auf: \"Der äußere Request des EML Downloads ist nicht korrekt\"","duration":1,"startTime":"2024-11-12T12:08:49.005823310Z[GMT]","result":"SUCCESS","precondition":false,"level":0},{"number":10,"description":"Und TGR prüfe aktueller Request stimmt im Knoten \"$.method\" überein mit \"POST\"","duration":59,"startTime":"2024-11-12T12:08:49.007623522Z[GMT]","result":"SUCCESS","precondition":false,"level":0},{"number":11,"description":"Und TGR prüfe aktueller Request stimmt im Knoten \"$.header.[~\u0027accept\u0027]\" überein mit \".*application/octet-stream.*\"","duration":3,"startTime":"2024-11-12T12:08:49.066948984Z[GMT]","result":"SUCCESS","precondition":false,"level":0},{"number":12,"description":"Und TGR prüfe aktueller Request stimmt im Knoten \"$.header.[~\u0027content-type\u0027]\" überein mit \"application/octet-stream\"","duration":2,"startTime":"2024-11-12T12:08:49.070519483Z[GMT]","result":"SUCCESS","precondition":false,"level":0},{"number":13,"description":"Und TGR prüfe aktueller Request stimmt im Knoten \"$.header.[~\u0027VAU-nonPU-Tracing\u0027]\" überein mit \"[A-Za-z0-9+\\/]{41,44}\u003d? [A-Za-z0-9+\\/]{41,44}\u003d?\"","duration":2,"startTime":"2024-11-12T12:08:49.073509150Z[GMT]","result":"SUCCESS","precondition":false,"level":0},{"number":14,"description":"Und TGR die Fehlermeldung wird gesetzt auf: \"Der innere Request des EML Downloads ist nicht korrekt\"","duration":1,"startTime":"2024-11-12T12:08:49.075725173Z[GMT]","result":"SUCCESS","precondition":false,"level":0},{"number":15,"description":"Und TGR prüfe aktueller Request stimmt im Knoten \"$.body.decrypted.method\" überein mit \"GET\"","duration":2,"startTime":"2024-11-12T12:08:49.077217233Z[GMT]","result":"SUCCESS","precondition":false,"level":0},{"number":16,"description":"Und TGR prüfe aktueller Request stimmt im Knoten \"$.body.decrypted.header.[~\u0027accept\u0027]\" überein mit \".*/.*\"","duration":1,"startTime":"2024-11-12T12:08:49.079578056Z[GMT]","result":"SUCCESS","precondition":false,"level":0},{"number":17,"description":"Und TGR die Fehlermeldung wird gesetzt auf: \"Die äußere Response des EML Downloads ist nicht korrekt\"","duration":1,"startTime":"2024-11-12T12:08:49.081203786Z[GMT]","result":"SUCCESS","precondition":false,"level":0},{"number":18,"description":"Und TGR prüfe aktuelle Antwort stimmt im Knoten \"$.header.[~\u0027content-type\u0027]\" überein mit \"application/octet-stream\"","duration":1,"startTime":"2024-11-12T12:08:49.082526758Z[GMT]","result":"SUCCESS","precondition":false,"level":0},{"number":19,"description":"Und TGR prüfe aktuelle Antwort stimmt im Knoten \"$.responseCode\" überein mit \"200\"","duration":1,"startTime":"2024-11-12T12:08:49.084364224Z[GMT]","result":"SUCCESS","precondition":false,"level":0},{"number":20,"description":"Und TGR die Fehlermeldung wird gesetzt auf: \"Die innere Response des EML Downloads ist nicht korrekt\"","duration":1,"startTime":"2024-11-12T12:08:49.086054101Z[GMT]","result":"SUCCESS","precondition":false,"level":0},{"number":21,"description":"Und TGR prüfe aktuelle Antwort stimmt im Knoten \"$.body.decrypted.header.[~\u0027content-type\u0027]\" überein mit \"application/.*\"","duration":2,"startTime":"2024-11-12T12:08:49.087406021Z[GMT]","result":"SUCCESS","precondition":false,"level":0},{"number":22,"description":"Und TGR prüfe aktuelle Antwort stimmt im Knoten \"$.body.decrypted.responseCode\" überein mit \"200\"","duration":2,"startTime":"2024-11-12T12:08:49.089781473Z[GMT]","result":"SUCCESS","precondition":false,"level":0},{"number":23,"description":"Und TGR prüfe aktuelle Antwort stimmt im Knoten \"$.body.decrypted.body\" überein mit \".*\"","duration":2,"startTime":"2024-11-12T12:08:49.092229199Z[GMT]","result":"SUCCESS","reportData":[{"title":"RBellog 0","path":"downloadable/downloadable-c19bdee3-2087-4e24-b849-889792cf9634-rbel_Download_EML_2024-11-12_12-08-49.html","isEvidence":true,"id":"report-data-cd128870-ea1c-4f79-9daa-e796faebc612"}],"precondition":false,"level":0}],"userStory":{"id":"epa_3_0/kob_epa3_0","storyName":"KOB Testsuite for EPA 3.0","displayName":"KOB Testsuite for EPA 3.0","path":"epa_3_0/kob_epa3_0","pathElements":[{"name":"epa_3_0","description":""},{"name":"kob_epa3_0","description":""}],"type":"feature"},"title":"Download EML","description":"","tags":[{"name":"EPA_3_0","type":"tag","displayName":"EPA_3_0"},{"name":"MANDATORY","type":"tag","displayName":"MANDATORY"},{"name":"KOB","type":"tag","displayName":"KOB"}],"startTime":"2024-11-12T12:07:38.232907845Z[GMT]","endTime":"2024-11-12T12:08:49.148015346Z[GMT]","duration":166,"projectKey":"","isManualTestingUpToDate":false,"manual":false,"testSource":"Cucumber","order":0,"result":"SUCCESS"}